{"stats":{"minecraft:mined":{"minecraft:grass":1,"minecraft:grass_block":2,"minecraft:oak_log":1,"minecraft:oak_leaves":1},"minecraft:picked_up":{"minecraft:oak_log":1,"minecraft:dirt":2},"minecraft:custom":{"minecraft:jump":8,"minecraft:time_since_rest":23777,"minecraft:damage_taken":120,"minecraft:leave_game":2,"minecraft:play_time":23777,"minecraft:sprint_one_cm":1016,"minecraft:time_since_death":23777,"minecraft:walk_one_cm":4049,"minecraft:total_world_time":23777,"minecraft:fall_one_cm":693,"minecraft:fly_one_cm":660}},"DataVersion":3465}