{"stats":{"minecraft:used":{"minecraft:dirt":3},"minecraft:mined":{"minecraft:grass":1,"minecraft:grass_block":3,"minecraft:oak_log":1,"minecraft:oak_leaves":1},"minecraft:picked_up":{"minecraft:oak_log":1,"minecraft:dirt":3},"minecraft:custom":{"minecraft:jump":30,"minecraft:time_since_rest":28692,"minecraft:damage_taken":120,"minecraft:leave_game":4,"minecraft:play_time":28692,"minecraft:sprint_one_cm":2340,"minecraft:time_since_death":28692,"minecraft:walk_one_cm":5825,"minecraft:total_world_time":28692,"minecraft:fall_one_cm":1647,"minecraft:fly_one_cm":3824}},"DataVersion":3465}